keyword,status,adicionada_em
calculadora de adicional noturno,candidata,2026-09-10
calculadora de agua,candidata,2026-09-10
calculadora de agua por dia,candidata,2026-09-10
calculadora de aluguel,candidata,2026-09-10
calculadora de amortização,candidata,2026-09-10
calculadora de amortização de financiamento,candidata,2026-09-10
calculadora de anos,candidata,2026-09-10
calculadora de anos meses e dias,candidata,2026-09-10
calculadora de aposentadoria,candidata,2026-09-10
calculadora de arcano pessoal,feita,2026-09-10
calculadora de banco de horas,candidata,2026-09-10
calculadora de barcelona,candidata,2026-09-10
calculadora de bebida,candidata,2026-09-10
calculadora de bebidas para festa,candidata,2026-09-10
calculadora de bhaskara,feita,2026-09-10
calculadora de bitcoin,candidata,2026-09-10
calculadora de bolso,candidata,2026-09-10
calculadora de boost pxg,feita,2026-09-10
calculadora de breeding palworld,candidata,2026-09-10
calculadora de btus,candidata,2026-09-10
calculadora de calorias,candidata,2026-09-10
calculadora de calorias dos alimentos,candidata,2026-09-10
calculadora de cdb,candidata,2026-09-10
calculadora de cdi,candidata,2026-09-10
calculadora de cdi mensal,candidata,2026-09-10
calculadora de churrasco,candidata,2026-09-10
calculadora de churrasco online,candidata,2026-09-10
calculadora de clearance de creatinina,candidata,2026-09-10
calculadora de combustível,candidata,2026-09-10
calculadora de correção monetária,candidata,2026-09-10
calculadora de datas,candidata,2026-09-10
calculadora de dias,candidata,2026-09-10
calculadora de ferias,candidata,2026-09-10
calculadora de horas,candidata,2026-09-10
calculadora de imc,candidata,2026-09-10
calculadora de investimentos,candidata,2026-09-10
calculadora de juros compostos,candidata,2026-09-10
calculadora de pace,candidata,2026-09-10
calculadora de rescisão,candidata,2026-09-10
calculadora de salario liquido,candidata,2026-09-10
